egg_id,clutch_id,pair_id,species_scientific,species_common,lay_date,season,incubation_method,initial_weight_g,fertility_status,embryo_loss_stage,hatch_status,hatch_date,hatch_assistance,chick_id,chick_status_day7,data_quality_flag,source_record_type,verified_status
EGG-0001,CL-01-001,PAIR-01-01,Ara chloropterus,Green-winged Macaw,2024-01-07,cool-dry,mixed,27.5,fertile,none,hatched,2024-02-06,none,CHK-01-0001,alive,ok,combined,single_checked
EGG-0002,CL-01-001,PAIR-01-01,Ara chloropterus,Green-winged Macaw,2024-01-08,cool-dry,parental,24.1,fertile,none,hatched,2024-02-01,none,CHK-01-0002,alive,ok,combined,single_checked
EGG-0003,CL-01-001,PAIR-01-01,Ara chloropterus,Green-winged Macaw,2024-01-12,cool-dry,parental,25.2,fertile,none,hatched,2024-02-07,none,CHK-01-0003,alive,ok,combined,single_checked
EGG-0004,CL-01-001,PAIR-01-01,Ara chloropterus,Green-winged Macaw,2024-01-14,cool-dry,artificial,28.2,infertile,not_applicable,not_hatched,,not_applicable,,not_applicable,ok,spreadsheet,double_checked
EGG-0005,CL-01-002,PAIR-01-01,Ara chloropterus,Green-winged Macaw,2024-01-18,cool-dry,mixed,26.0,fertile,none,hatched,2024-02-15,none,CHK-01-0005,alive,ok,spreadsheet,double_checked
EGG-0006,CL-01-002,PAIR-01-01,Ara chloropterus,Green-winged Macaw,2024-01-22,cool-dry,parental,27.3,infertile,not_applicable,not_hatched,,not_applicable,,not_applicable,ok,spreadsheet,double_checked
EGG-0007,CL-01-002,PAIR-01-01,Ara chloropterus,Green-winged Macaw,2024-01-23,cool-dry,parental,27.1,fertile,none,hatched,2024-02-18,none,CHK-01-0007,alive,ok,combined,double_checked
EGG-0008,CL-01-002,PAIR-01-01,Ara chloropterus,Green-winged Macaw,2024-01-28,cool-dry,artificial,28.0,fertile,middle,not_hatched,,not_applicable,,not_applicable,ok,incubator_log,double_checked
EGG-0009,CL-01-003,PAIR-01-01,Ara chloropterus,Green-winged Macaw,2024-01-31,cool-dry,artificial,30.1,fertile,none,hatched,2024-02-27,none,CHK-01-0009,alive,ok,combined,single_checked
EGG-0010,CL-01-003,PAIR-01-01,Ara chloropterus,Green-winged Macaw,2024-02-01,cool-dry,artificial,27.4,fertile,none,hatched,2024-02-27,none,CHK-01-0010,died,ok,combined,single_checked
EGG-0011,CL-01-003,PAIR-01-02,Ara chloropterus,Green-winged Macaw,2024-02-04,cool-dry,artificial,26.8,fertile,unknown,not_hatched,,not_applicable,,not_applicable,ok,combined,double_checked
EGG-0012,CL-01-003,PAIR-01-02,Ara chloropterus,Green-winged Macaw,2024-02-08,cool-dry,parental,30.7,fertile,none,hatched,2024-03-09,none,CHK-01-0012,alive,ok,spreadsheet,single_checked
EGG-0013,CL-01-004,PAIR-01-02,Ara chloropterus,Green-winged Macaw,2024-02-11,cool-dry,artificial,27.7,fertile,none,hatched,2024-03-11,partial,CHK-01-0013,alive,ok,incubator_log,double_checked
EGG-0014,CL-01-004,PAIR-01-02,Ara chloropterus,Green-winged Macaw,2024-02-14,cool-dry,parental,27.9,fertile,none,hatched,2024-03-09,none,CHK-01-0014,alive,ok,spreadsheet,single_checked
EGG-0015,CL-01-004,PAIR-01-02,Ara chloropterus,Green-winged Macaw,2024-02-17,cool-dry,parental,26.3,fertile,middle,not_hatched,,not_applicable,,not_applicable,ok,register,single_checked
EGG-0016,CL-01-004,PAIR-01-02,Ara chloropterus,Green-winged Macaw,2024-02-20,cool-dry,artificial,30.0,infertile,not_applicable,not_hatched,,not_applicable,,not_applicable,ok,spreadsheet,single_checked
EGG-0017,CL-01-005,PAIR-01-02,Ara chloropterus,Green-winged Macaw,2024-02-22,cool-dry,artificial,25.4,fertile,unknown,not_hatched,,not_applicable,,not_applicable,ok,register,double_checked
EGG-0018,CL-01-005,PAIR-01-02,Ara chloropterus,Green-winged Macaw,2024-02-27,cool-dry,artificial,29.9,fertile,late,not_hatched,,not_applicable,,not_applicable,ok,register,single_checked
EGG-0019,CL-01-005,PAIR-01-02,Ara chloropterus,Green-winged Macaw,2024-02-28,cool-dry,parental,26.0,fertile,none,hatched,2024-03-24,none,CHK-01-0019,alive,ok,register,single_checked
EGG-0020,CL-01-005,PAIR-01-02,Ara chloropterus,Green-winged Macaw,2024-03-02,transition,artificial,25.5,fertile,unknown,not_hatched,,not_applicable,,not_applicable,ok,incubator_log,double_checked
EGG-0021,CL-01-006,PAIR-01-03,Ara chloropterus,Green-winged Macaw,2024-03-05,transition,mixed,30.4,infertile,not_applicable,not_hatched,,not_applicable,,not_applicable,ok,spreadsheet,single_checked
EGG-0022,CL-01-006,PAIR-01-03,Ara chloropterus,Green-winged Macaw,2024-03-08,transition,parental,26.7,fertile,early,not_hatched,,not_applicable,,not_applicable,ok,combined,double_checked
EGG-0023,CL-01-006,PAIR-01-03,Ara chloropterus,Green-winged Macaw,2024-03-12,transition,artificial,23.0,infertile,not_applicable,not_hatched,,not_applicable,,not_applicable,ok,spreadsheet,single_checked
EGG-0024,CL-01-006,PAIR-01-03,Ara chloropterus,Green-winged Macaw,2024-03-16,transition,artificial,27.1,fertile,none,hatched,2024-04-13,none,CHK-01-0024,alive,ok,combined,single_checked
EGG-0025,CL-01-007,PAIR-01-03,Ara chloropterus,Green-winged Macaw,2024-03-18,transition,artificial,28.1,fertile,none,hatched,2024-04-14,none,CHK-01-0025,alive,ok,combined,double_checked
EGG-0026,CL-01-007,PAIR-01-03,Ara chloropterus,Green-winged Macaw,2024-03-22,transition,artificial,25.8,fertile,late,not_hatched,,not_applicable,,not_applicable,ok,combined,single_checked
EGG-0027,CL-01-007,PAIR-01-03,Ara chloropterus,Green-winged Macaw,2024-03-23,transition,artificial,28.0,fertile,none,hatched,2024-04-19,none,CHK-01-0027,alive,ok,combined,double_checked
EGG-0028,CL-01-007,PAIR-01-03,Ara chloropterus,Green-winged Macaw,2024-03-26,transition,parental,28.1,fertile,late,not_hatched,,not_applicable,,not_applicable,ok,combined,double_checked
EGG-0029,CL-01-008,PAIR-01-03,Ara chloropterus,Green-winged Macaw,2024-03-30,transition,parental,28.0,infertile,not_applicable,not_hatched,,not_applicable,,not_applicable,ok,incubator_log,single_checked
EGG-0030,CL-01-008,PAIR-01-03,Ara chloropterus,Green-winged Macaw,2024-04-01,transition,mixed,27.6,fertile,none,hatched,2024-04-26,full,CHK-01-0030,alive,ok,incubator_log,single_checked
EGG-0031,CL-01-008,PAIR-01-04,Ara chloropterus,Green-winged Macaw,2024-04-04,transition,parental,23.1,fertile,none,hatched,2024-04-28,none,CHK-01-0031,died,ok,combined,single_checked
EGG-0032,CL-01-008,PAIR-01-04,Ara chloropterus,Green-winged Macaw,2024-04-09,transition,parental,26.7,infertile,not_applicable,not_hatched,,not_applicable,,not_applicable,ok,register,single_checked
EGG-0033,CL-01-009,PAIR-01-04,Ara chloropterus,Green-winged Macaw,2024-04-11,transition,artificial,26.5,fertile,early,not_hatched,,not_applicable,,not_applicable,ok,register,double_checked
EGG-0034,CL-01-009,PAIR-01-04,Ara chloropterus,Green-winged Macaw,2024-04-15,transition,artificial,27.3,infertile,not_applicable,not_hatched,,not_applicable,,not_applicable,ok,spreadsheet,double_checked
EGG-0035,CL-01-009,PAIR-01-04,Ara chloropterus,Green-winged Macaw,2024-04-18,transition,artificial,28.5,fertile,early,not_hatched,,not_applicable,,not_applicable,ok,register,single_checked
EGG-0036,CL-01-009,PAIR-01-04,Ara chloropterus,Green-winged Macaw,2024-04-19,transition,artificial,26.4,fertile,none,hatched,2024-05-15,none,CHK-01-0036,alive,ok,spreadsheet,single_checked
EGG-0037,CL-01-010,PAIR-01-04,Ara chloropterus,Green-winged Macaw,2024-04-23,transition,artificial,24.5,fertile,none,hatched,2024-05-23,full,CHK-01-0037,alive,ok,register,single_checked
EGG-0038,CL-01-010,PAIR-01-04,Ara chloropterus,Green-winged Macaw,2024-04-27,transition,parental,25.7,fertile,none,hatched,2024-05-21,none,CHK-01-0038,died,ok,spreadsheet,single_checked
EGG-0039,CL-01-010,PAIR-01-04,Ara chloropterus,Green-winged Macaw,2024-04-29,transition,artificial,29.2,fertile,none,hatched,2024-05-23,partial,CHK-01-0039,alive,ok,spreadsheet,single_checked
EGG-0040,CL-01-010,PAIR-01-04,Ara chloropterus,Green-winged Macaw,2024-05-02,hot-humid,parental,26.7,infertile,not_applicable,not_hatched,,not_applicable,,not_applicable,ok,spreadsheet,single_checked
EGG-0041,CL-02-001,PAIR-02-01,Cacatua moluccensis,Moluccan Cockatoo,2024-05-04,hot-humid,parental,33.1,infertile,not_applicable,not_hatched,,not_applicable,,not_applicable,ok,combined,single_checked
EGG-0042,CL-02-001,PAIR-02-01,Cacatua moluccensis,Moluccan Cockatoo,2024-05-08,hot-humid,artificial,28.9,fertile,none,hatched,2024-06-06,none,CHK-02-0042,alive,ok,spreadsheet,double_checked
EGG-0043,CL-02-001,PAIR-02-01,Cacatua moluccensis,Moluccan Cockatoo,2024-05-11,hot-humid,parental,34.4,fertile,middle,not_hatched,,not_applicable,,not_applicable,ok,register,single_checked
EGG-0044,CL-02-001,PAIR-02-01,Cacatua moluccensis,Moluccan Cockatoo,2024-05-14,hot-humid,artificial,34.2,fertile,none,hatched,2024-06-11,partial,CHK-02-0044,alive,ok,incubator_log,double_checked
EGG-0045,CL-02-002,PAIR-02-01,Cacatua moluccensis,Moluccan Cockatoo,2024-05-16,hot-humid,artificial,31.8,fertile,late,not_hatched,,not_applicable,,not_applicable,ok,spreadsheet,single_checked
EGG-0046,CL-02-002,PAIR-02-01,Cacatua moluccensis,Moluccan Cockatoo,2024-05-20,hot-humid,artificial,37.2,fertile,none,hatched,2024-06-19,none,CHK-02-0046,alive,ok,register,double_checked
EGG-0047,CL-02-002,PAIR-02-01,Cacatua moluccensis,Moluccan Cockatoo,2024-05-22,hot-humid,parental,36.9,fertile,none,hatched,2024-06-18,partial,CHK-02-0047,alive,ok,register,double_checked
EGG-0048,CL-02-002,PAIR-02-01,Cacatua moluccensis,Moluccan Cockatoo,2024-05-27,hot-humid,artificial,36.5,infertile,not_applicable,not_hatched,,not_applicable,,not_applicable,ok,spreadsheet,double_checked
EGG-0049,CL-02-003,PAIR-02-01,Cacatua moluccensis,Moluccan Cockatoo,2024-05-30,hot-humid,artificial,37.4,fertile,none,hatched,2024-06-27,none,CHK-02-0049,alive,ok,incubator_log,single_checked
EGG-0050,CL-02-003,PAIR-02-01,Cacatua moluccensis,Moluccan Cockatoo,2024-06-02,hot-humid,artificial,35.7,infertile,not_applicable,not_hatched,,not_applicable,,not_applicable,ok,register,double_checked
EGG-0051,CL-02-003,PAIR-02-02,Cacatua moluccensis,Moluccan Cockatoo,2024-06-03,hot-humid,artificial,35.7,fertile,none,hatched,2024-07-01,none,CHK-02-0051,alive,ok,combined,single_checked
EGG-0052,CL-02-003,PAIR-02-02,Cacatua moluccensis,Moluccan Cockatoo,2024-06-08,hot-humid,artificial,33.1,fertile,middle,not_hatched,,not_applicable,,not_applicable,ok,incubator_log,double_checked
EGG-0053,CL-02-004,PAIR-02-02,Cacatua moluccensis,Moluccan Cockatoo,2024-06-10,hot-humid,parental,32.5,fertile,none,hatched,2024-07-04,none,CHK-02-0053,alive,ok,spreadsheet,double_checked
EGG-0054,CL-02-004,PAIR-02-02,Cacatua moluccensis,Moluccan Cockatoo,2024-06-13,hot-humid,mixed,35.7,infertile,not_applicable,not_hatched,,not_applicable,,not_applicable,ok,register,single_checked
EGG-0055,CL-02-004,PAIR-02-02,Cacatua moluccensis,Moluccan Cockatoo,2024-06-16,hot-humid,artificial,37.7,fertile,early,not_hatched,,not_applicable,,not_applicable,ok,combined,double_checked
EGG-0056,CL-02-004,PAIR-02-02,Cacatua moluccensis,Moluccan Cockatoo,2024-06-20,hot-humid,parental,32.3,fertile,none,hatched,2024-07-15,partial,CHK-02-0056,alive,ok,combined,single_checked
EGG-0057,CL-02-005,PAIR-02-02,Cacatua moluccensis,Moluccan Cockatoo,2024-06-21,hot-humid,artificial,36.4,fertile,late,not_hatched,,not_applicable,,not_applicable,ok,incubator_log,single_checked
EGG-0058,CL-02-005,PAIR-02-02,Cacatua moluccensis,Moluccan Cockatoo,2024-06-26,hot-humid,mixed,36.0,fertile,none,hatched,2024-07-23,none,CHK-02-0058,alive,ok,combined,double_checked
EGG-0059,CL-02-005,PAIR-02-02,Cacatua moluccensis,Moluccan Cockatoo,2024-06-29,hot-humid,artificial,36.3,fertile,none,hatched,2024-07-23,partial,CHK-02-0059,alive,ok,combined,single_checked
EGG-0060,CL-02-005,PAIR-02-02,Cacatua moluccensis,Moluccan Cockatoo,2024-06-30,hot-humid,parental,33.9,infertile,not_applicable,not_hatched,,not_applicable,,not_applicable,ok,register,single_checked
EGG-0061,CL-02-006,PAIR-02-03,Cacatua moluccensis,Moluccan Cockatoo,2024-07-03,hot-humid,artificial,33.7,fertile,none,hatched,2024-07-27,none,CHK-02-0061,alive,ok,combined,single_checked
EGG-0062,CL-02-006,PAIR-02-03,Cacatua moluccensis,Moluccan Cockatoo,2024-07-07,hot-humid,parental,33.2,fertile,none,hatched,2024-08-03,partial,CHK-02-0062,alive,ok,register,double_checked
EGG-0063,CL-02-006,PAIR-02-03,Cacatua moluccensis,Moluccan Cockatoo,2024-07-09,hot-humid,artificial,34.0,infertile,not_applicable,not_hatched,,not_applicable,,not_applicable,ok,spreadsheet,single_checked
EGG-0064,CL-02-006,PAIR-02-03,Cacatua moluccensis,Moluccan Cockatoo,2024-07-13,hot-humid,parental,36.1,fertile,none,hatched,2024-08-08,none,CHK-02-0064,alive,ok,register,double_checked
EGG-0065,CL-02-007,PAIR-02-03,Cacatua moluccensis,Moluccan Cockatoo,2024-07-16,hot-humid,mixed,37.8,infertile,not_applicable,not_hatched,,not_applicable,,not_applicable,ok,combined,double_checked
EGG-0066,CL-02-007,PAIR-02-03,Cacatua moluccensis,Moluccan Cockatoo,2024-07-18,hot-humid,parental,31.0,fertile,none,hatched,2024-08-14,none,CHK-02-0066,alive,ok,combined,double_checked
EGG-0067,CL-02-007,PAIR-02-03,Cacatua moluccensis,Moluccan Cockatoo,2024-07-21,hot-humid,mixed,38.1,infertile,not_applicable,not_hatched,,not_applicable,,not_applicable,ok,combined,double_checked
EGG-0068,CL-02-007,PAIR-02-03,Cacatua moluccensis,Moluccan Cockatoo,2024-07-24,hot-humid,artificial,31.9,infertile,not_applicable,not_hatched,,not_applicable,,not_applicable,ok,incubator_log,single_checked
EGG-0069,CL-02-008,PAIR-02-03,Cacatua moluccensis,Moluccan Cockatoo,2024-07-29,hot-humid,artificial,39.3,infertile,not_applicable,not_hatched,,not_applicable,,not_applicable,ok,spreadsheet,single_checked
EGG-0070,CL-02-008,PAIR-02-03,Cacatua moluccensis,Moluccan Cockatoo,2024-07-30,hot-humid,mixed,33.7,fertile,late,not_hatched,,not_applicable,,not_applicable,ok,spreadsheet,single_checked
EGG-0071,CL-02-008,PAIR-02-04,Cacatua moluccensis,Moluccan Cockatoo,2024-08-03,hot-humid,mixed,36.1,infertile,not_applicable,not_hatched,,not_applicable,,not_applicable,ok,register,single_checked
EGG-0072,CL-02-008,PAIR-02-04,Cacatua moluccensis,Moluccan Cockatoo,2024-08-07,hot-humid,artificial,37.2,fertile,early,not_hatched,,not_applicable,,not_applicable,ok,combined,double_checked
EGG-0073,CL-02-009,PAIR-02-04,Cacatua moluccensis,Moluccan Cockatoo,2024-08-09,hot-humid,parental,36.9,fertile,none,hatched,2024-09-03,none,CHK-02-0073,alive,ok,register,single_checked
EGG-0074,CL-02-009,PAIR-02-04,Cacatua moluccensis,Moluccan Cockatoo,2024-08-12,hot-humid,parental,37.5,fertile,early,not_hatched,,not_applicable,,not_applicable,ok,register,single_checked
EGG-0075,CL-02-009,PAIR-02-04,Cacatua moluccensis,Moluccan Cockatoo,2024-08-15,hot-humid,artificial,33.5,fertile,early,not_hatched,,not_applicable,,not_applicable,ok,register,single_checked
EGG-0076,CL-02-009,PAIR-02-04,Cacatua moluccensis,Moluccan Cockatoo,2024-08-19,hot-humid,parental,34.8,fertile,none,hatched,2024-09-12,none,CHK-02-0076,alive,ok,combined,single_checked
EGG-0077,CL-02-010,PAIR-02-04,Cacatua moluccensis,Moluccan Cockatoo,2024-08-21,hot-humid,artificial,35.2,fertile,none,hatched,2024-09-16,none,CHK-02-0077,died,ok,register,double_checked
EGG-0078,CL-02-010,PAIR-02-04,Cacatua moluccensis,Moluccan Cockatoo,2024-08-23,hot-humid,parental,32.7,fertile,none,hatched,2024-09-16,none,CHK-02-0078,died,ok,incubator_log,single_checked
EGG-0079,CL-02-010,PAIR-02-04,Cacatua moluccensis,Moluccan Cockatoo,2024-08-28,hot-humid,artificial,33.6,fertile,none,hatched,2024-09-25,none,CHK-02-0079,alive,ok,spreadsheet,double_checked
EGG-0080,CL-02-010,PAIR-02-04,Cacatua moluccensis,Moluccan Cockatoo,2024-08-30,hot-humid,parental,31.8,fertile,none,hatched,2024-09-26,none,CHK-02-0080,alive,ok,spreadsheet,single_checked
EGG-0081,CL-03-001,PAIR-03-01,Probosciger aterrimus,Palm Cockatoo,2024-09-01,hot-humid,mixed,24.4,infertile,not_applicable,not_hatched,,not_applicable,,not_applicable,ok,register,double_checked
EGG-0082,CL-03-001,PAIR-03-01,Probosciger aterrimus,Palm Cockatoo,2024-09-04,hot-humid,parental,25.5,fertile,none,hatched,2024-09-29,none,CHK-03-0082,alive,ok,incubator_log,double_checked
EGG-0083,CL-03-001,PAIR-03-01,Probosciger aterrimus,Palm Cockatoo,2024-09-07,hot-humid,mixed,23.3,infertile,not_applicable,not_hatched,,not_applicable,,not_applicable,ok,incubator_log,double_checked
EGG-0084,CL-03-001,PAIR-03-01,Probosciger aterrimus,Palm Cockatoo,2024-09-12,hot-humid,artificial,27.2,fertile,late,not_hatched,,not_applicable,,not_applicable,ok,register,double_checked
EGG-0085,CL-03-002,PAIR-03-01,Probosciger aterrimus,Palm Cockatoo,2024-09-15,hot-humid,parental,26.2,fertile,early,not_hatched,,not_applicable,,not_applicable,ok,spreadsheet,double_checked
EGG-0086,CL-03-002,PAIR-03-01,Probosciger aterrimus,Palm Cockatoo,2024-09-18,hot-humid,artificial,24.6,infertile,not_applicable,not_hatched,,not_applicable,,not_applicable,ok,combined,double_checked
EGG-0087,CL-03-002,PAIR-03-01,Probosciger aterrimus,Palm Cockatoo,2024-09-19,hot-humid,parental,25.1,fertile,none,hatched,2024-10-17,none,CHK-03-0087,alive,ok,register,double_checked
EGG-0088,CL-03-002,PAIR-03-01,Probosciger aterrimus,Palm Cockatoo,2024-09-24,hot-humid,artificial,27.4,fertile,none,hatched,2024-10-18,none,CHK-03-0088,alive,ok,incubator_log,single_checked
EGG-0089,CL-03-003,PAIR-03-01,Probosciger aterrimus,Palm Cockatoo,2024-09-27,hot-humid,artificial,23.3,fertile,late,not_hatched,,not_applicable,,not_applicable,ok,spreadsheet,double_checked
EGG-0090,CL-03-003,PAIR-03-01,Probosciger aterrimus,Palm Cockatoo,2024-09-29,hot-humid,mixed,23.2,fertile,early,not_hatched,,not_applicable,,not_applicable,ok,combined,double_checked
EGG-0091,CL-03-003,PAIR-03-02,Probosciger aterrimus,Palm Cockatoo,2024-10-01,transition,artificial,26.1,infertile,not_applicable,not_hatched,,not_applicable,,not_applicable,ok,incubator_log,double_checked
EGG-0092,CL-03-003,PAIR-03-02,Probosciger aterrimus,Palm Cockatoo,2024-10-06,transition,artificial,27.5,fertile,none,hatched,2024-11-01,none,CHK-03-0092,alive,ok,spreadsheet,double_checked
EGG-0093,CL-03-004,PAIR-03-02,Probosciger aterrimus,Palm Cockatoo,2024-10-07,transition,artificial,24.6,infertile,not_applicable,not_hatched,,not_applicable,,not_applicable,ok,incubator_log,single_checked
EGG-0094,CL-03-004,PAIR-03-02,Probosciger aterrimus,Palm Cockatoo,2024-10-12,transition,artificial,25.2,fertile,none,hatched,2024-11-09,none,CHK-03-0094,alive,ok,combined,single_checked
EGG-0095,CL-03-004,PAIR-03-02,Probosciger aterrimus,Palm Cockatoo,2024-10-13,transition,artificial,22.6,infertile,not_applicable,not_hatched,,not_applicable,,not_applicable,ok,incubator_log,double_checked
EGG-0096,CL-03-004,PAIR-03-02,Probosciger aterrimus,Palm Cockatoo,2024-10-16,transition,parental,25.0,infertile,not_applicable,not_hatched,,not_applicable,,not_applicable,ok,combined,double_checked
EGG-0097,CL-03-005,PAIR-03-02,Probosciger aterrimus,Palm Cockatoo,2024-10-21,transition,parental,23.9,infertile,not_applicable,not_hatched,,not_applicable,,not_applicable,ok,combined,single_checked
EGG-0098,CL-03-005,PAIR-03-02,Probosciger aterrimus,Palm Cockatoo,2024-10-23,transition,artificial,26.0,fertile,none,hatched,2024-11-18,none,CHK-03-0098,alive,ok,combined,single_checked
EGG-0099,CL-03-005,PAIR-03-02,Probosciger aterrimus,Palm Cockatoo,2024-10-26,transition,parental,24.4,fertile,late,not_hatched,,not_applicable,,not_applicable,ok,spreadsheet,single_checked
EGG-0100,CL-03-005,PAIR-03-02,Probosciger aterrimus,Palm Cockatoo,2024-10-30,transition,parental,27.4,fertile,none,hatched,2024-11-27,none,CHK-03-0100,alive,ok,incubator_log,double_checked
EGG-0101,CL-03-006,PAIR-03-03,Probosciger aterrimus,Palm Cockatoo,2024-11-02,cool-dry,artificial,24.6,infertile,not_applicable,not_hatched,,not_applicable,,not_applicable,ok,register,single_checked
EGG-0102,CL-03-006,PAIR-03-03,Probosciger aterrimus,Palm Cockatoo,2024-11-04,cool-dry,parental,23.9,infertile,not_applicable,not_hatched,,not_applicable,,not_applicable,ok,spreadsheet,double_checked
EGG-0103,CL-03-006,PAIR-03-03,Probosciger aterrimus,Palm Cockatoo,2024-11-08,cool-dry,artificial,21.8,fertile,none,hatched,2024-12-06,none,CHK-03-0103,alive,ok,incubator_log,double_checked
EGG-0104,CL-03-006,PAIR-03-03,Probosciger aterrimus,Palm Cockatoo,2024-11-11,cool-dry,parental,27.1,fertile,none,hatched,2024-12-05,none,CHK-03-0104,alive,ok,combined,single_checked
EGG-0105,CL-03-007,PAIR-03-03,Probosciger aterrimus,Palm Cockatoo,2024-11-14,cool-dry,parental,26.4,fertile,late,not_hatched,,not_applicable,,not_applicable,ok,incubator_log,single_checked
EGG-0106,CL-03-007,PAIR-03-03,Probosciger aterrimus,Palm Cockatoo,2024-11-16,cool-dry,artificial,22.2,fertile,early,not_hatched,,not_applicable,,not_applicable,ok,spreadsheet,single_checked
EGG-0107,CL-03-007,PAIR-03-03,Probosciger aterrimus,Palm Cockatoo,2024-11-18,cool-dry,parental,26.8,infertile,not_applicable,not_hatched,,not_applicable,,not_applicable,ok,combined,double_checked
EGG-0108,CL-03-007,PAIR-03-03,Probosciger aterrimus,Palm Cockatoo,2024-11-22,cool-dry,artificial,24.4,fertile,late,not_hatched,,not_applicable,,not_applicable,ok,spreadsheet,double_checked
EGG-0109,CL-03-008,PAIR-03-03,Probosciger aterrimus,Palm Cockatoo,2024-11-25,cool-dry,parental,22.9,infertile,not_applicable,not_hatched,,not_applicable,,not_applicable,ok,combined,single_checked
EGG-0110,CL-03-008,PAIR-03-03,Probosciger aterrimus,Palm Cockatoo,2024-11-29,cool-dry,artificial,22.9,infertile,not_applicable,not_hatched,,not_applicable,,not_applicable,ok,combined,double_checked
EGG-0111,CL-03-008,PAIR-03-04,Probosciger aterrimus,Palm Cockatoo,2024-12-02,cool-dry,artificial,27.0,fertile,none,hatched,2025-01-01,none,CHK-03-0111,alive,ok,combined,single_checked
EGG-0112,CL-03-008,PAIR-03-04,Probosciger aterrimus,Palm Cockatoo,2024-12-03,cool-dry,artificial,26.3,fertile,none,hatched,2025-01-01,none,CHK-03-0112,alive,ok,incubator_log,single_checked
EGG-0113,CL-03-009,PAIR-03-04,Probosciger aterrimus,Palm Cockatoo,2024-12-07,cool-dry,artificial,24.8,fertile,none,hatched,2025-01-05,none,CHK-03-0113,alive,ok,register,single_checked
EGG-0114,CL-03-009,PAIR-03-04,Probosciger aterrimus,Palm Cockatoo,2024-12-11,cool-dry,parental,27.4,fertile,none,hatched,2025-01-05,none,CHK-03-0114,alive,ok,combined,single_checked
EGG-0115,CL-03-009,PAIR-03-04,Probosciger aterrimus,Palm Cockatoo,2024-12-12,cool-dry,parental,25.7,fertile,none,hatched,2025-01-06,none,CHK-03-0115,alive,ok,register,double_checked
EGG-0116,CL-03-009,PAIR-03-04,Probosciger aterrimus,Palm Cockatoo,2024-12-16,cool-dry,parental,23.5,fertile,early,not_hatched,,not_applicable,,not_applicable,ok,incubator_log,single_checked
EGG-0117,CL-03-010,PAIR-03-04,Probosciger aterrimus,Palm Cockatoo,2024-12-19,cool-dry,artificial,26.5,infertile,not_applicable,not_hatched,,not_applicable,,not_applicable,ok,spreadsheet,double_checked
EGG-0118,CL-03-010,PAIR-03-04,Probosciger aterrimus,Palm Cockatoo,2024-12-22,cool-dry,mixed,25.7,fertile,none,hatched,2025-01-17,none,CHK-03-0118,alive,ok,combined,single_checked
EGG-0119,CL-03-010,PAIR-03-04,Probosciger aterrimus,Palm Cockatoo,2024-12-26,cool-dry,mixed,26.4,fertile,none,hatched,2025-01-19,none,CHK-03-0119,alive,ok,incubator_log,double_checked
EGG-0120,CL-03-010,PAIR-03-04,Probosciger aterrimus,Palm Cockatoo,2024-12-28,cool-dry,artificial,23.6,fertile,unknown,not_hatched,,not_applicable,,not_applicable,ok,spreadsheet,double_checked
EGG-0121,CL-04-001,PAIR-04-01,Eclectus roratus,Eclectus Parrot,2024-12-30,cool-dry,artificial,20.9,fertile,none,hatched,2025-01-26,none,CHK-04-0121,alive,ok,register,single_checked
EGG-0122,CL-04-001,PAIR-04-01,Eclectus roratus,Eclectus Parrot,2025-01-02,cool-dry,artificial,17.0,fertile,late,not_hatched,,not_applicable,,not_applicable,ok,register,single_checked
EGG-0123,CL-04-001,PAIR-04-01,Eclectus roratus,Eclectus Parrot,2025-01-05,cool-dry,artificial,19.1,fertile,none,hatched,2025-02-03,full,CHK-04-0123,alive,ok,incubator_log,single_checked
EGG-0124,CL-04-001,PAIR-04-01,Eclectus roratus,Eclectus Parrot,2025-01-09,cool-dry,artificial,15.8,fertile,middle,not_hatched,,not_applicable,,not_applicable,ok,combined,double_checked
EGG-0125,CL-04-002,PAIR-04-01,Eclectus roratus,Eclectus Parrot,2025-01-12,cool-dry,artificial,18.5,fertile,none,hatched,2025-02-10,none,CHK-04-0125,alive,ok,combined,single_checked
EGG-0126,CL-04-002,PAIR-04-01,Eclectus roratus,Eclectus Parrot,2025-01-14,cool-dry,artificial,18.4,fertile,none,hatched,2025-02-07,none,CHK-04-0126,alive,ok,combined,single_checked
EGG-0127,CL-04-002,PAIR-04-01,Eclectus roratus,Eclectus Parrot,2025-01-18,cool-dry,parental,18.9,fertile,none,hatched,2025-02-16,none,CHK-04-0127,alive,ok,spreadsheet,single_checked
EGG-0128,CL-04-002,PAIR-04-01,Eclectus roratus,Eclectus Parrot,2025-01-21,cool-dry,mixed,17.1,fertile,early,not_hatched,,not_applicable,,not_applicable,ok,spreadsheet,double_checked
EGG-0129,CL-04-003,PAIR-04-01,Eclectus roratus,Eclectus Parrot,2025-01-25,cool-dry,parental,17.1,fertile,none,hatched,2025-02-21,none,CHK-04-0129,alive,ok,spreadsheet,double_checked
EGG-0130,CL-04-003,PAIR-04-01,Eclectus roratus,Eclectus Parrot,2025-01-26,cool-dry,artificial,18.3,fertile,none,hatched,2025-02-22,none,CHK-04-0130,alive,ok,spreadsheet,single_checked
EGG-0131,CL-04-003,PAIR-04-02,Eclectus roratus,Eclectus Parrot,2025-01-29,cool-dry,parental,19.5,fertile,none,hatched,2025-02-23,none,CHK-04-0131,alive,ok,combined,single_checked
EGG-0132,CL-04-003,PAIR-04-02,Eclectus roratus,Eclectus Parrot,2025-02-01,cool-dry,artificial,20.1,infertile,not_applicable,not_hatched,,not_applicable,,not_applicable,ok,spreadsheet,single_checked
EGG-0133,CL-04-004,PAIR-04-02,Eclectus roratus,Eclectus Parrot,2025-02-05,cool-dry,parental,16.3,infertile,not_applicable,not_hatched,,not_applicable,,not_applicable,ok,incubator_log,double_checked
EGG-0134,CL-04-004,PAIR-04-02,Eclectus roratus,Eclectus Parrot,2025-02-08,cool-dry,artificial,17.8,fertile,late,not_hatched,,not_applicable,,not_applicable,ok,register,double_checked
EGG-0135,CL-04-004,PAIR-04-02,Eclectus roratus,Eclectus Parrot,2025-02-10,cool-dry,parental,18.1,infertile,not_applicable,not_hatched,,not_applicable,,not_applicable,ok,incubator_log,single_checked
EGG-0136,CL-04-004,PAIR-04-02,Eclectus roratus,Eclectus Parrot,2025-02-14,cool-dry,artificial,20.1,fertile,none,hatched,2025-03-10,none,CHK-04-0136,alive,ok,combined,single_checked
EGG-0137,CL-04-005,PAIR-04-02,Eclectus roratus,Eclectus Parrot,2025-02-17,cool-dry,artificial,16.9,fertile,late,not_hatched,,not_applicable,,not_applicable,ok,spreadsheet,single_checked
EGG-0138,CL-04-005,PAIR-04-02,Eclectus roratus,Eclectus Parrot,2025-02-19,cool-dry,artificial,19.2,fertile,none,hatched,2025-03-15,none,CHK-04-0138,alive,ok,combined,double_checked
EGG-0139,CL-04-005,PAIR-04-02,Eclectus roratus,Eclectus Parrot,2025-02-24,cool-dry,mixed,16.2,infertile,not_applicable,not_hatched,,not_applicable,,not_applicable,ok,combined,single_checked
EGG-0140,CL-04-005,PAIR-04-02,Eclectus roratus,Eclectus Parrot,2025-02-26,cool-dry,mixed,16.1,fertile,none,hatched,2025-03-26,none,CHK-04-0140,alive,ok,incubator_log,single_checked
EGG-0141,CL-04-006,PAIR-04-03,Eclectus roratus,Eclectus Parrot,2025-03-02,transition,artificial,16.9,fertile,none,hatched,2025-03-27,none,CHK-04-0141,died,ok,spreadsheet,double_checked
EGG-0142,CL-04-006,PAIR-04-03,Eclectus roratus,Eclectus Parrot,2025-03-04,transition,parental,18.7,infertile,not_applicable,not_hatched,,not_applicable,,not_applicable,ok,incubator_log,single_checked
EGG-0143,CL-04-006,PAIR-04-03,Eclectus roratus,Eclectus Parrot,2025-03-08,transition,parental,18.6,fertile,none,hatched,2025-04-07,none,CHK-04-0143,alive,ok,spreadsheet,double_checked
EGG-0144,CL-04-006,PAIR-04-03,Eclectus roratus,Eclectus Parrot,2025-03-11,transition,artificial,17.9,infertile,not_applicable,not_hatched,,not_applicable,,not_applicable,ok,spreadsheet,single_checked
EGG-0145,CL-04-007,PAIR-04-03,Eclectus roratus,Eclectus Parrot,2025-03-13,transition,parental,16.9,fertile,none,hatched,2025-04-11,none,CHK-04-0145,alive,ok,register,double_checked
EGG-0146,CL-04-007,PAIR-04-03,Eclectus roratus,Eclectus Parrot,2025-03-17,transition,parental,19.3,fertile,none,hatched,2025-04-15,none,CHK-04-0146,alive,ok,spreadsheet,double_checked
EGG-0147,CL-04-007,PAIR-04-03,Eclectus roratus,Eclectus Parrot,2025-03-18,transition,parental,18.7,fertile,none,hatched,2025-04-13,full,CHK-04-0147,alive,ok,incubator_log,single_checked
EGG-0148,CL-04-007,PAIR-04-03,Eclectus roratus,Eclectus Parrot,2025-03-21,transition,mixed,19.2,fertile,none,hatched,2025-04-19,none,CHK-04-0148,alive,ok,register,double_checked
EGG-0149,CL-04-008,PAIR-04-03,Eclectus roratus,Eclectus Parrot,2025-03-26,transition,artificial,19.1,fertile,none,hatched,2025-04-22,none,CHK-04-0149,alive,ok,spreadsheet,double_checked
EGG-0150,CL-04-008,PAIR-04-03,Eclectus roratus,Eclectus Parrot,2025-03-29,transition,parental,17.8,fertile,none,hatched,2025-04-25,none,CHK-04-0150,alive,ok,incubator_log,single_checked
EGG-0151,CL-04-008,PAIR-04-04,Eclectus roratus,Eclectus Parrot,2025-03-30,transition,mixed,17.9,fertile,none,hatched,2025-04-29,none,CHK-04-0151,alive,ok,combined,double_checked
EGG-0152,CL-04-008,PAIR-04-04,Eclectus roratus,Eclectus Parrot,2025-04-03,transition,parental,20.3,fertile,none,hatched,2025-05-02,none,CHK-04-0152,alive,ok,register,single_checked
EGG-0153,CL-04-009,PAIR-04-04,Eclectus roratus,Eclectus Parrot,2025-04-06,transition,artificial,17.1,fertile,early,not_hatched,,not_applicable,,not_applicable,ok,register,single_checked
EGG-0154,CL-04-009,PAIR-04-04,Eclectus roratus,Eclectus Parrot,2025-04-08,transition,artificial,17.9,fertile,none,hatched,2025-05-04,none,CHK-04-0154,alive,ok,combined,double_checked
EGG-0155,CL-04-009,PAIR-04-04,Eclectus roratus,Eclectus Parrot,2025-04-13,transition,artificial,18.2,fertile,none,hatched,2025-05-08,none,CHK-04-0155,alive,ok,spreadsheet,single_checked
EGG-0156,CL-04-009,PAIR-04-04,Eclectus roratus,Eclectus Parrot,2025-04-14,transition,mixed,19.3,fertile,late,not_hatched,,not_applicable,,not_applicable,ok,register,single_checked
EGG-0157,CL-04-010,PAIR-04-04,Eclectus roratus,Eclectus Parrot,2025-04-19,transition,parental,17.1,infertile,not_applicable,not_hatched,,not_applicable,,not_applicable,ok,incubator_log,double_checked
EGG-0158,CL-04-010,PAIR-04-04,Eclectus roratus,Eclectus Parrot,2025-04-20,transition,artificial,17.9,fertile,none,hatched,2025-05-17,none,CHK-04-0158,alive,ok,spreadsheet,double_checked
EGG-0159,CL-04-010,PAIR-04-04,Eclectus roratus,Eclectus Parrot,2025-04-24,transition,mixed,15.5,fertile,none,hatched,2025-05-19,none,CHK-04-0159,alive,ok,spreadsheet,double_checked
EGG-0160,CL-04-010,PAIR-04-04,Eclectus roratus,Eclectus Parrot,2025-04-28,transition,artificial,16.4,fertile,late,not_hatched,,not_applicable,,not_applicable,ok,combined,single_checked
